<?xml version="1.0" encoding="UTF-8" ?>
<!DOCTYPE mapper PUBLIC "-//mybatis.org//DTD Mapper 3.0//EN" "http://mybatis.org/dtd/mybatis-3-mapper.dtd" >
<mapper namespace="org.wcy.gen.mapper.SysConfigMapper" >

    <resultMap id="BaseResultMap" type="org.wcy.gen.model.SysConfig" >
        <id column="variable" property="variable" jdbcType="VARCHAR" />
        <result column="value" property="value" jdbcType="VARCHAR" />
        <result column="set_time" property="setTime" jdbcType="TIMESTAMP" />
        <result column="set_by" property="setBy" jdbcType="VARCHAR" />
    </resultMap>

    <sql id="Base_Column_List" >
        variable, value, set_time, set_by
    </sql>

    <select id="selectByPrimaryKey" resultMap="BaseResultMap" parameterType="java.lang.String" >
        select 
        <include refid="Base_Column_List" />
        from sys_config
        where variable = #{variable,jdbcType=VARCHAR}
    </select>

    <delete id="deleteByPrimaryKey" parameterType="java.lang.String" >
        delete from sys_config
        where variable = #{variable,jdbcType=VARCHAR}
    </delete>

    <insert id="insert" parameterType="org.wcy.gen.model.SysConfig" >
        insert into sys_config (variable, value, set_time, 
            set_by)
        values (#{variable,jdbcType=VARCHAR}, #{value,jdbcType=VARCHAR}, #{setTime,jdbcType=TIMESTAMP}, 
            #{setBy,jdbcType=VARCHAR})
    </insert>

    <insert id="insertSelective" parameterType="org.wcy.gen.model.SysConfig" >
        insert into sys_config
        <trim prefix="(" suffix=")" suffixOverrides="," >
            <if test="variable != null" >
                variable,
            </if>
            <if test="value != null" >
                value,
            </if>
            <if test="setTime != null" >
                set_time,
            </if>
            <if test="setBy != null" >
                set_by,
            </if>
        </trim>
        <trim prefix="values (" suffix=")" suffixOverrides="," >
            <if test="variable != null" >
                #{variable,jdbcType=VARCHAR},
            </if>
            <if test="value != null" >
                #{value,jdbcType=VARCHAR},
            </if>
            <if test="setTime != null" >
                #{setTime,jdbcType=TIMESTAMP},
            </if>
            <if test="setBy != null" >
                #{setBy,jdbcType=VARCHAR},
            </if>
        </trim>
    </insert>

    <update id="updateByPrimaryKeySelective" parameterType="org.wcy.gen.model.SysConfig" >
        update sys_config
        <set >
            <if test="value != null" >
                value = #{value,jdbcType=VARCHAR},
            </if>
            <if test="setTime != null" >
                set_time = #{setTime,jdbcType=TIMESTAMP},
            </if>
            <if test="setBy != null" >
                set_by = #{setBy,jdbcType=VARCHAR},
            </if>
        </set>
        where variable = #{variable,jdbcType=VARCHAR}
    </update>

    <update id="updateByPrimaryKey" parameterType="org.wcy.gen.model.SysConfig" >
        update sys_config
        set value = #{value,jdbcType=VARCHAR},
            set_time = #{setTime,jdbcType=TIMESTAMP},
            set_by = #{setBy,jdbcType=VARCHAR}
        where variable = #{variable,jdbcType=VARCHAR}
    </update>
</mapper>